"","tweet_id","reply_to_status_id","ncar","sent","status_id","uri_stem"
"1","1267288113027649541","1267287266902319104",109,0,"1267287266902319104","cbc.ca"
"2","1266360551745167360","1266359066659602432",81,0,"1266359066659602432","timesofindia.indiatimes.com"
"3","1266480776503349249","1266359066659602432",122,-2,"1266359066659602432","timesofindia.indiatimes.com"
"4","1266444248078929920","1266359066659602432",172,-3,"1266359066659602432","timesofindia.indiatimes.com"
"5","1266432677139427328","1266359066659602432",219,2,"1266359066659602432","timesofindia.indiatimes.com"
"6","1266411242488426496","1266359066659602432",23,0,"1266359066659602432","timesofindia.indiatimes.com"
"7","1266410834789568515","1266359066659602432",66,0,"1266359066659602432","timesofindia.indiatimes.com"
"8","1266388718883135488","1266359066659602432",57,0,"1266359066659602432","timesofindia.indiatimes.com"
"9","1266386613552152576","1266359066659602432",29,1,"1266359066659602432","timesofindia.indiatimes.com"
"10","1266382534914592769","1266359066659602432",59,2,"1266359066659602432","timesofindia.indiatimes.com"
"11","1266367967144472576","1266359066659602432",64,0,"1266359066659602432","timesofindia.indiatimes.com"
"12","1266367793668243456","1266359066659602432",260,0,"1266359066659602432","timesofindia.indiatimes.com"
"13","1266367783945662465","1266359066659602432",36,-4,"1266359066659602432","timesofindia.indiatimes.com"
"14","1266364915477999616","1266359066659602432",20,0,"1266359066659602432","timesofindia.indiatimes.com"
"15","1266364864626413569","1266359066659602432",45,0,"1266359066659602432","timesofindia.indiatimes.com"
"16","1266362354809188361","1266359066659602432",80,0,"1266359066659602432","timesofindia.indiatimes.com"
"17","1266360372870684672","1266359066659602432",48,-3,"1266359066659602432","timesofindia.indiatimes.com"
"18","1266359885836562432","1266359066659602432",11,0,"1266359066659602432","timesofindia.indiatimes.com"
"19","1267227666450702337","1267109516090408960",241,0,"1267109516090408960","nationalpost.com"
"20","1267128137604882432","1267109516090408960",275,0,"1267109516090408960","nationalpost.com"
"21","1267123127294791682","1267109516090408960",279,-4,"1267109516090408960","nationalpost.com"
"22","1267287279447486465","1267285992102400000",198,-2,"1267285992102400000","triblive.com"
"23","1266459824071606273","1266458111042375684",279,-5,"1266458111042375684","msnbc.com"
"24","1267264951250489344","1267264487847067651",272,0,"1267264487847067651","ft.com"
"25","1267283144220303361","1266544668701048832",128,-2,"1266544668701048832","statnews.com"
"26","1266943757469061123","1266544668701048832",27,2,"1266544668701048832","statnews.com"
"27","1266768527240818688","1266544668701048832",109,-2,"1266544668701048832","statnews.com"
"28","1266755774790787072","1266544668701048832",171,2,"1266544668701048832","statnews.com"
"29","1266703626753499137","1266544668701048832",93,-3,"1266544668701048832","statnews.com"
"30","1266698668167565312","1266544668701048832",35,0,"1266544668701048832","statnews.com"
"31","1266693969095921664","1266544668701048832",26,0,"1266544668701048832","statnews.com"
"32","1266665043380375554","1266544668701048832",65,0,"1266544668701048832","statnews.com"
"33","1266567108651081728","1266544668701048832",21,0,"1266544668701048832","statnews.com"
"34","1266556390581039105","1266544668701048832",143,-4,"1266544668701048832","statnews.com"
"35","1266457412434788359","1266456714276212738",277,0,"1266456714276212738","politico.com"
"36","1267284487072894979","1267183805850361857",277,6,"1267183805850361857","wsj.com"
"37","1266456714276212738","1266455833820499969",277,-1,"1266455833820499969","statnews.com"
"38","1266529767324389377","1266499312583917576",154,9,"1266499312583917576","at.pysc.al"
"39","1266404831008223232","1266339640593788928",178,-2,"1266339640593788928","ctvnews.ca"
"40","1266779756378427394","1266779572516859905",116,-4,"1266779572516859905","atlantic.ctvnews.ca"
"41","1267283441491550208","1267277640421040129",278,0,"1267277640421040129","ctvnews.ca"
"42","1267287588836192257","1267281707553734656",279,0,"1267281707553734656","ctvnews.ca"
"43","1267280517101056001","1267280176406130688",232,0,"1267280176406130688","ctvnews.ca"
"44","1266804941546328064","1266801476321652736",166,0,"1266801476321652736","nationalgeographic.com"
"45","1266254949538643968","1266254304165294080",47,-2,"1266254304165294080","washingtonpost.com"
"46","1266864788031725568","1266863701040279554",162,1,"1266863701040279554","nytimes.com"
"47","1267273880827318275","1267271848884088833",191,-4,"1267271848884088833","nbcnews.com"
"48","1267105069582999553","1267104267401195520",142,-1,"1267104267401195520","nationalgeographic.com"
"49","1266832874185142274","1266731306274209793",227,-2,"1266731306274209793","nytimes.com"
"50","1267104267401195520","1267102358904999936",173,1,"1267102358904999936","email.nationalgeographic.com"
"51","1267289650315608071","1267263490449911808",139,3,"1267263490449911808","startribune.com"
"52","1267275900883800070","1267263490449911808",247,3,"1267263490449911808","startribune.com"
"53","1267261238108729344","1267261235818639362",169,-1,"1267261235818639362","macleans.ca"
"54","1266337534927425536","1266333424488513536",161,0,"1266333424488513536","cbc.ca"
"55","1266468104722436097","1266330969121992706",148,0,"1266330969121992706","cbc.ca"
"56","1267230922946027525","1267196975809781763",154,2,"1267196975809781763","vancouversun.com"
"57","1266704596770095104","1266702915793817601",126,-3,"1266702915793817601","nytimes.com"
"58","1266388369635971075","1266387876503265281",144,0,"1266387876503265281","theguardian.com"
"59","1266413291993251841","1266401193531670529",193,0,"1266401193531670529","theglobeandmail.com"
"60","1266401798228754432","1266401193531670529",29,0,"1266401193531670529","theglobeandmail.com"
"61","1267108932742496256","1267086865372516354",157,-2,"1267086865372516354","thestar.com"
"62","1267105277343563776","1267086865372516354",134,0,"1267086865372516354","thestar.com"
"63","1267091173732212736","1267086865372516354",83,1,"1267086865372516354","thestar.com"
"64","1267200531719614464","1267166249865359360",10,0,"1267166249865359360","torontosun.com"
"65","1266400826857226245","1266325624219729928",218,-5,"1266325624219729928","theglobeandmail.com"
"66","1266341451463643136","1266325624219729928",35,2,"1266325624219729928","theglobeandmail.com"
"67","1266800289153253378","1266325624219729928",203,-3,"1266325624219729928","theglobeandmail.com"
"68","1266343869458853890","1266325624219729928",276,3,"1266325624219729928","theglobeandmail.com"
"69","1266455048680288256","1266325624219729928",194,0,"1266325624219729928","theglobeandmail.com"
"70","1266403917199523840","1266325624219729928",9,0,"1266325624219729928","theglobeandmail.com"
"71","1266377930814427136","1266325624219729928",264,1,"1266325624219729928","theglobeandmail.com"
"72","1266336235880095744","1266325624219729928",63,2,"1266325624219729928","theglobeandmail.com"
"73","1266333069780357125","1266325624219729928",215,0,"1266325624219729928","theglobeandmail.com"
"74","1266330551260250112","1266325624219729928",277,3,"1266325624219729928","theglobeandmail.com"
"75","1266820572341661697","1266804910512844802",119,-2,"1266804910512844802","nytimes.com"
"76","1267088622748143618","1266520476156919816",226,0,"1266520476156919816","theglobeandmail.com"
"77","1266551079216578560","1266520476156919816",279,-8,"1266520476156919816","theglobeandmail.com"
"78","1266395944272236545","1266333937342783489",212,-2,"1266333937342783489","cbc.ca"
"79","1266528147610243073","1266384755177775106",135,0,"1266384755177775106","nytimes.com"
"80","1266531957430792192","1266384755177775106",125,0,"1266384755177775106","nytimes.com"
"81","1267260993639518209","1267260118921621509",128,-2,"1267260118921621509","theglobeandmail.com"
"82","1266401193531670529","1266175008121991168",141,0,"1266175008121991168","theglobeandmail.com"
"83","1266411392896307200","1266175008121991168",74,0,"1266175008121991168","theglobeandmail.com"
"84","1266179821161324544","1266175008121991168",43,4,"1266175008121991168","theglobeandmail.com"
"85","1266552694879203328","1266488729973260297",187,0,"1266488729973260297","thestar.com"
"86","1266388895652085760","1266388369635971075",138,-2,"1266388369635971075","theguardian.com"
"87","1267146479854108675","1266697462313607168",139,-1,"1266697462313607168","cbc.ca"
"88","1266392046732029952","1266332062707003393",128,-2,"1266332062707003393","cbc.ca"
"89","1267125870415708160","1267101293241413633",272,0,"1267101293241413633","theguardian.com"
"90","1267105918870867968","1267101293241413633",237,0,"1267101293241413633","theguardian.com"
"91","1267102870643412992","1267101293241413633",50,-1,"1267101293241413633","theguardian.com"
"92","1266555545496039425","1266544633569574912",48,0,"1266544633569574912","theglobeandmail.com"
"93","1266736691953438721","1266713720056676352",211,-2,"1266713720056676352","montrealgazette.com"
"94","1266767806491590658","1266713720056676352",84,2,"1266713720056676352","montrealgazette.com"
"95","1266994964501651458","1266789483795472389",50,0,"1266789483795472389","washingtonpost.com"
"96","1266803526128201728","1266789483795472389",283,-2,"1266789483795472389","washingtonpost.com"
"97","1267260892074237952","1267260494382948355",280,-4,"1267260494382948355","nyti.ms"
"98","1266780427240402944","1266779283340423170",142,0,"1266779283340423170","washingtonpost.com"
"99","1266338853540909057","1266335794484166657",85,2,"1266335794484166657","businessinsider.com"
"100","1266518399636639746","1266516754727088130",143,-3,"1266516754727088130","cnn.com"
"101","1267125450540748802","1267115187942932481",38,0,"1267115187942932481","npr.org"
"102","1266433384059813889","1266430941599354884",89,1,"1266430941599354884","businessinsider.com"
"103","1266271338496323585","1266270875101224961",14,0,"1266270875101224961","businessinsider.com"
"104","1267255201901223937","1267255077473001473",105,-2,"1267255077473001473","news.yahoo.com"
"105","1267248826865287169","1267234891680243712",208,-1,"1267234891680243712","abcn.ws"
"106","1267247996661633025","1267234891680243712",245,-3,"1267234891680243712","abcn.ws"
"107","1267247288709189633","1267234891680243712",269,-6,"1267234891680243712","abcn.ws"
"108","1267168202863325185","1267153375725903872",200,-5,"1267153375725903872","bbc.in"
"109","1267256897691947013","1267251517347618816",278,-3,"1267251517347618816","nationalreview.com"
"110","1267253643188846593","1267249081526747136",278,1,"1267249081526747136","bddy.me"
"111","1267254008504356864","1267248291277934599",272,0,"1267248291277934599","cbc.ca"
"112","1267251799595126791","1267243241012944903",122,0,"1267243241012944903","globalnews.ca"
"113","1266746626137260037","1266722976873025539",16,0,"1266722976873025539","globalnews.ca"
"114","1266728103465885697","1266722976873025539",127,-1,"1266722976873025539","globalnews.ca"
"115","1266727918765473802","1266722976873025539",278,0,"1266722976873025539","globalnews.ca"
"116","1266725833147854849","1266722976873025539",111,0,"1266722976873025539","globalnews.ca"
"117","1266494114805284865","1266438263226748932",226,-3,"1266438263226748932","abcnews.go.com"
"118","1266440094833131522","1266438263226748932",157,1,"1266438263226748932","abcnews.go.com"
"119","1266460649753907207","1266438263226748932",44,4,"1266438263226748932","abcnews.go.com"
"120","1266443318508077062","1266438263226748932",156,0,"1266438263226748932","abcnews.go.com"
"121","1266438836361592832","1266364657415057408",253,-2,"1266364657415057408","wapo.st"
"122","1267235712077881347","1267159499649036289",159,1,"1267159499649036289","cnb.cx"
"123","1267191857311875072","1267128026409635841",273,-4,"1267128026409635841","apnews.com"
"124","1267159499649036289","1266874951006593026",117,0,"1266874951006593026","cbsn.ws"
"125","1266364657415057408","1266169780676984832",192,-2,"1266169780676984832","wapo.st"
"126","1266739828483395589","1266438836361592832",198,1,"1266438836361592832","washingtonpost.com"
"127","1267274973787205638","1267228985613783040",253,-7,"1267228985613783040","macleans.ca"
"128","1267265033282752513","1267228985613783040",60,4,"1267228985613783040","macleans.ca"
"129","1267256349521522689","1267228985613783040",34,0,"1267228985613783040","macleans.ca"
"130","1267241261913628672","1267228985613783040",133,0,"1267228985613783040","macleans.ca"
"131","1267229580605173774","1267228985613783040",257,-2,"1267228985613783040","macleans.ca"
"132","1267229317206929409","1267228985613783040",48,0,"1267228985613783040","macleans.ca"
"133","1266813595091742721","1266806574279880704",182,0,"1266806574279880704","ig.ft.com"
"134","1267300068077514752","1267217491073339395",98,0,"1267217491073339395","usatoday.com"
"135","1267259847634010112","1267213964636762113",15,0,"1267213964636762113","nbcnews.com"
"136","1267089610045300736","1267088909076398080",173,-1,"1267088909076398080","wired.com"
"137","1266870011345481729","1266869387614699520",44,1,"1266869387614699520","theguardian.com"
"138","1266797730871021568","1266746074666078208",13,0,"1266746074666078208","theglobeandmail.com"
"139","1267187854070988802","1267096338581409793",88,0,"1267096338581409793","bbc.com"
"140","1267098180447059968","1267096338581409793",71,0,"1267096338581409793","bbc.com"
"141","1267207608366235658","1267182119660421121",129,-3,"1267182119660421121","cnn.com"
"142","1267203667108728835","1267182119660421121",66,1,"1267182119660421121","cnn.com"
"143","1267191712713187329","1267182119660421121",69,1,"1267182119660421121","cnn.com"
"144","1266471485423697920","1266470039919656960",236,0,"1266470039919656960","cnn.com"
"145","1266231366141657089","1266150596970602497",16,-4,"1266150596970602497","saskatoon.ctvnews.ca"
"146","1266194425929072640","1266150596970602497",72,0,"1266150596970602497","saskatoon.ctvnews.ca"
"147","1266223502434004992","1266150596970602497",199,-4,"1266150596970602497","saskatoon.ctvnews.ca"
"148","1266217716911714304","1266150596970602497",141,0,"1266150596970602497","saskatoon.ctvnews.ca"
"149","1266197231482228736","1266150596970602497",58,0,"1266150596970602497","saskatoon.ctvnews.ca"
"150","1266157342346735616","1266150596970602497",107,0,"1266150596970602497","saskatoon.ctvnews.ca"
"151","1266744000524038147","1266743034374492163",286,-2,"1266743034374492163","cnn.com"
"152","1266744000524038147","1266743034374492163",286,-2,"1266743034374492163","cnn.com"
"153","1267289090040487937","1267176084233244673",272,1,"1267176084233244673","nyti.ms"
"154","1267223336402247681","1267176084233244673",239,2,"1267176084233244673","nyti.ms"
"155","1266863357153468417","1266860219226824704",284,-3,"1266860219226824704","cnn.it"
"156","1266420875995287553","1266410115789393923",233,0,"1266410115789393923","wapo.st"
"157","1266519236802945025","1266372726232543239",77,0,"1266372726232543239","vox.com"
"158","1266378802738888705","1266372726232543239",150,-3,"1266372726232543239","vox.com"
"159","1267181839292043265","1267175796516552709",15,0,"1267175796516552709","washingtonpost.com"
"160","1267300531971608578","1267173773322551297",128,0,"1267173773322551297","cnn.com"
"161","1267207728700829696","1267173773322551297",24,0,"1267173773322551297","cnn.com"
"162","1267207675244355584","1267173773322551297",82,0,"1267173773322551297","cnn.com"
"163","1267243756136300545","1267173773322551297",44,0,"1267173773322551297","cnn.com"
"164","1267204355809259520","1267173773322551297",56,0,"1267173773322551297","cnn.com"
"165","1267202063156600834","1267173773322551297",253,-7,"1267173773322551297","cnn.com"
"166","1267195045138104320","1267173773322551297",142,-1,"1267173773322551297","cnn.com"
"167","1267182756024508416","1267173773322551297",22,0,"1267173773322551297","cnn.com"
"168","1267182452835049474","1267173773322551297",31,-1,"1267173773322551297","cnn.com"
"169","1267181386865180672","1267173773322551297",141,-10,"1267173773322551297","cnn.com"
"170","1267180623489359875","1267173773322551297",55,0,"1267173773322551297","cnn.com"
"171","1267178735725240320","1267173773322551297",127,0,"1267173773322551297","cnn.com"
"172","1267178601843212288","1267173773322551297",12,0,"1267173773322551297","cnn.com"
"173","1267178511405629440","1267173773322551297",81,0,"1267173773322551297","cnn.com"
"174","1267177347654062081","1267173773322551297",68,0,"1267173773322551297","cnn.com"
"175","1267175803768496131","1267173773322551297",51,0,"1267173773322551297","cnn.com"
"176","1267175647274729479","1267173773322551297",63,4,"1267173773322551297","cnn.com"
"177","1267175592052568064","1267173773322551297",65,1,"1267173773322551297","cnn.com"
"178","1267184502280990721","1267156801121894400",266,-4,"1267156801121894400","montrealgazette.com"
"179","1267163457989808128","1267156801121894400",107,-3,"1267156801121894400","montrealgazette.com"
"180","1267160812743020546","1267156801121894400",83,0,"1267156801121894400","montrealgazette.com"
"181","1267160318851022851","1267156801121894400",122,0,"1267156801121894400","montrealgazette.com"
"182","1267179437117837313","1267168596704153601",245,0,"1267168596704153601","wsj.com"
"183","1267169039635210242","1267168596704153601",190,-3,"1267168596704153601","wsj.com"
"184","1267175313844256768","1267168596704153601",103,-1,"1267168596704153601","wsj.com"
"185","1267135682088067072","1267131847076536320",124,-2,"1267131847076536320","theguardian.com"
"186","1266138914894512129","1266137096470753281",114,-5,"1266137096470753281","washingtonpost.com"
"187","1267163061451919362","1267163059996569600",240,7,"1267163059996569600","pubmed.ncbi.nlm.nih.gov"
"188","1267162241008201728","1267108630672871426",111,-2,"1267108630672871426","calgaryherald.com"
"189","1267161327262285824","1267153921350553602",125,-2,"1267153921350553602","ca.sports.yahoo.com"
"190","1267156064551571457","1267153921350553602",139,0,"1267153921350553602","ca.sports.yahoo.com"
"191","1266411687046856704","1266410259318530049",217,0,"1266410259318530049","cbc.ca"
"192","1266456391625043969","1266410259318530049",17,0,"1266410259318530049","cbc.ca"
"193","1266418170144993280","1266410259318530049",64,-5,"1266410259318530049","cbc.ca"
"194","1266415396548050944","1266410259318530049",121,-4,"1266410259318530049","cbc.ca"
"195","1266410467410370560","1266410259318530049",83,0,"1266410259318530049","cbc.ca"
"196","1266575059751014400","1266380063706165250",103,0,"1266380063706165250","calgaryherald.com"
"197","1266392881150869505","1266380063706165250",200,1,"1266380063706165250","calgaryherald.com"
"198","1266507821652172800","1266380063706165250",292,-5,"1266380063706165250","calgaryherald.com"
"199","1266412794708140034","1266380063706165250",95,4,"1266380063706165250","calgaryherald.com"
"200","1266407652642508801","1266380063706165250",278,-4,"1266380063706165250","calgaryherald.com"
"201","1266395276350091264","1266380063706165250",61,0,"1266380063706165250","calgaryherald.com"
"202","1266394889412988930","1266380063706165250",274,0,"1266380063706165250","calgaryherald.com"
"203","1266391183648944129","1266380063706165250",273,-1,"1266380063706165250","calgaryherald.com"
"204","1266388824202129410","1266380063706165250",15,0,"1266380063706165250","calgaryherald.com"
"205","1266385310310522880","1266380063706165250",85,-7,"1266380063706165250","calgaryherald.com"
"206","1266384712357953536","1266380063706165250",162,1,"1266380063706165250","calgaryherald.com"
"207","1266381327219056640","1266380063706165250",137,-2,"1266380063706165250","calgaryherald.com"
"208","1266406425804201985","1266402720623333378",126,-1,"1266402720623333378","edmontonjournal.com"
"209","1266444408783683584","1266402720623333378",128,-2,"1266402720623333378","edmontonjournal.com"
"210","1267146746649628672","1267124548954206209",120,0,"1267124548954206209","transcripts.cnn.com"
"211","1267153223367958528","1267146746649628672",107,0,"1267146746649628672","nbcnews.com"
"212","1267109332900089856","1267091764617379840",142,0,"1267091764617379840","abcnews.go.com"
"213","1267124548954206209","1267123326683615233",112,0,"1267123326683615233","cbsnews.com"
"214","1266716391715090432","1266715487825735684",60,-5,"1266715487825735684","newsweek.com"
"215","1267152821906014209","1267152111856504834",139,2,"1267152111856504834","nbcnews.com"
"216","1267149229492965378","1267149226619932672",271,-1,"1267149226619932672","boston.cbslocal.com"
"217","1266432349945892864","1266201975735148546",255,0,"1266201975735148546","nytimes.com"
"218","1266387720647200769","1266201975735148546",66,0,"1266201975735148546","nytimes.com"
"219","1266208399211012096","1266201975735148546",233,-2,"1266201975735148546","nytimes.com"
"220","1266195115141406721","1266190940097720320",164,-1,"1266190940097720320","washingtonpost.com"
"221","1266197428912488454","1266190940097720320",260,0,"1266190940097720320","washingtonpost.com"
"222","1266408767953887234","1266190940097720320",267,-2,"1266190940097720320","washingtonpost.com"
"223","1266197119955861515","1266190940097720320",44,-3,"1266190940097720320","washingtonpost.com"
"224","1266196155026878465","1266190940097720320",179,0,"1266190940097720320","washingtonpost.com"
"225","1266378362043457538","1266360825146683392",4,0,"1266360825146683392","thehill.com"
"226","1266378362043457538","1266360825146683392",4,0,"1266360825146683392","thehill.com"
"227","1266567364860051457","1266446629399388167",242,4,"1266446629399388167","ncbi.nlm.nih.gov"
"228","1266558307206156288","1266446629399388167",74,1,"1266446629399388167","ncbi.nlm.nih.gov"
"229","1266546854206091264","1266446629399388167",216,3,"1266446629399388167","ncbi.nlm.nih.gov"
"230","1267146656895496194","1267141919974531074",278,-5,"1267141919974531074","trib.al"
"231","1267144957569064960","1267141919974531074",128,0,"1267141919974531074","trib.al"
"232","1267151583583678464","1267141919974531074",147,-1,"1267141919974531074","trib.al"
"233","1266756110007930880","1266754106472820736",240,2,"1266754106472820736","washingtonpost.com"
"234","1266866032737648643","1266754106472820736",275,-4,"1266754106472820736","washingtonpost.com"
"235","1266764679432544256","1266754106472820736",209,4,"1266754106472820736","washingtonpost.com"
"236","1266757181321478145","1266754106472820736",40,0,"1266754106472820736","washingtonpost.com"
"237","1266757131618914305","1266754106472820736",83,0,"1266754106472820736","washingtonpost.com"
"238","1266756265142714373","1266754106472820736",125,1,"1266754106472820736","washingtonpost.com"
"239","1266755957230465030","1266754106472820736",40,0,"1266754106472820736","washingtonpost.com"
"240","1266767264541339648","1266762498155282438",133,0,"1266762498155282438","cnn.com"
"241","1266869950930546688","1266762498155282438",8,0,"1266762498155282438","cnn.com"
"242","1266853792567484416","1266762498155282438",22,-2,"1266762498155282438","cnn.com"
"243","1266786440412835840","1266762498155282438",271,-2,"1266762498155282438","cnn.com"
"244","1266765138234933249","1266762498155282438",58,0,"1266762498155282438","cnn.com"
"245","1266764395436290049","1266762498155282438",68,0,"1266762498155282438","cnn.com"
"246","1266383749488484352","1266381687157452800",27,0,"1266381687157452800","news.sky.com"
"247","1266400889004122112","1266381687157452800",120,1,"1266381687157452800","news.sky.com"
"248","1267279327407849474","1267136934624796672",151,0,"1267136934624796672","dailymail.co.uk"
"249","1267259838536564738","1267136934624796672",178,-3,"1267136934624796672","dailymail.co.uk"
"250","1267251222081269760","1267136934624796672",174,-4,"1267136934624796672","dailymail.co.uk"
"251","1267251213013151744","1267136934624796672",26,0,"1267136934624796672","dailymail.co.uk"
"252","1267126847231361024","1267126280148959233",138,0,"1267126280148959233","apps.bostonglobe.com"
"253","1267134149749547009","1267126485598568451",223,-4,"1267126485598568451","abcnews.go.com"
"254","1267127674276851713","1267124986453676033",247,-2,"1267124986453676033","toronto.ctvnews.ca"
"255","1267125767244300288","1267124986453676033",98,0,"1267124986453676033","toronto.ctvnews.ca"
"256","1267128322909261839","1267124986453676033",195,-3,"1267124986453676033","toronto.ctvnews.ca"
"257","1267145320699486210","1267124986453676033",152,-2,"1267124986453676033","toronto.ctvnews.ca"
"258","1267172413315391488","1267124986453676033",246,2,"1267124986453676033","toronto.ctvnews.ca"
"259","1267159163857141761","1267124986453676033",53,0,"1267124986453676033","toronto.ctvnews.ca"
"260","1267142421995020298","1267124986453676033",19,0,"1267124986453676033","toronto.ctvnews.ca"
"261","1267129846368546816","1267124986453676033",83,1,"1267124986453676033","toronto.ctvnews.ca"
"262","1267121031635808262","1267119840264740864",60,2,"1267119840264740864","bayareane.ws"
"263","1267152944656314368","1267119840264740864",154,0,"1267119840264740864","bayareane.ws"
"264","1267124512371486727","1267118432882958336",119,-2,"1267118432882958336","m.jpost.com"
"265","1267209940076236803","1267114864662794241",264,-15,"1267114864662794241","washingtonpost.com"
"266","1267123001570603008","1267114594729943040",200,-6,"1267114594729943040","apps.bostonglobe.com"
"267","1267115662562004993","1267114507614203905",52,0,"1267114507614203905","ottawacitizen.com"
"268","1267164578959540225","1267114418938064896",277,-4,"1267114418938064896","ctvnews.ca"
"269","1267279751221133312","1267114309253058563",72,-2,"1267114309253058563","foreignpolicy.com"
"270","1267120923548676096","1267114309253058563",137,-4,"1267114309253058563","foreignpolicy.com"
"271","1267119956577128452","1267114309253058563",268,-7,"1267114309253058563","foreignpolicy.com"
"272","1267118047665389568","1267114309253058563",82,-5,"1267114309253058563","foreignpolicy.com"
"273","1267116100069863425","1267114309253058563",171,-11,"1267114309253058563","foreignpolicy.com"
"274","1267114433760956417","1267114309253058563",12,0,"1267114309253058563","foreignpolicy.com"
"275","1267266628221353984","1267113739930787840",126,2,"1267113739930787840","sun-sentinel.com"
"276","1267158338418159617","1267113739930787840",31,-2,"1267113739930787840","sun-sentinel.com"
"277","1267142194525331457","1267113739930787840",182,0,"1267113739930787840","sun-sentinel.com"
"278","1267116194970075139","1267113739930787840",67,2,"1267113739930787840","sun-sentinel.com"
"279","1267116131178995713","1267113739930787840",256,-2,"1267113739930787840","sun-sentinel.com"
"280","1267115050264920065","1267113739930787840",202,0,"1267113739930787840","sun-sentinel.com"
"281","1267113960790253570","1267111771745193990",53,0,"1267111771745193990","cbc.ca"
"282","1267245312646709248","1267107335459217413",121,-3,"1267107335459217413","cnn.com"
"283","1267109333336293379","1267107335459217413",185,-1,"1267107335459217413","cnn.com"
"284","1266398269753692163","1266382035930673155",266,-2,"1266382035930673155","forbes.com"
"285","1267140218580279297","1267106308190203904",278,0,"1267106308190203904","washingtonpost.com"
"286","1267104003378348033","1267104001998241794",131,-2,"1267104001998241794","theatlantic.com"
"287","1267099085846089728","1267097067840614401",100,1,"1267097067840614401","cbc.ca"
"288","1267099776706924545","1267095106097643520",94,2,"1267095106097643520","pbs.org"
"289","1267097421810528263","1267094068418367488",164,0,"1267094068418367488","washingtonpost.com"
"290","1267094095777972225","1267092771158011906",278,0,"1267092771158011906","apps.bostonglobe.com"
"291","1267092170529558528","1267090616611147781",179,1,"1267090616611147781","nytimes.com"
"292","1266740626294480899","1266736546708938752",139,0,"1266736546708938752","nyti.ms"
"293","1266738389690265602","1266736546708938752",96,-3,"1266736546708938752","nyti.ms"
"294","1266402106266746880","1266402105109229568",139,-1,"1266402105109229568","reut.rs"
"295","1267259710417375232","1267088894492839936",270,5,"1267088894492839936","thenation.com"
"296","1267088895512059904","1267088894492839936",227,2,"1267088894492839936","thenation.com"
"297","1267131969327951872","1267087408018763776",278,-4,"1267087408018763776","washingtontimes.com"
"298","1267096169416556545","1267087408018763776",161,0,"1267087408018763776","washingtontimes.com"
"299","1267090568254873600","1267087408018763776",278,1,"1267087408018763776","washingtontimes.com"
"300","1267236904291799041","1267085422041206784",94,-4,"1267085422041206784","apnews.com"
"301","1267098842924609536","1267085422041206784",221,2,"1267085422041206784","apnews.com"
"302","1267091993848676353","1267085422041206784",237,-5,"1267085422041206784","apnews.com"
"303","1267086519933612032","1267085422041206784",288,0,"1267085422041206784","apnews.com"
"304","1267086427738632192","1267085422041206784",71,0,"1267085422041206784","apnews.com"
"305","1267085812602208258","1267085422041206784",57,1,"1267085422041206784","apnews.com"
"306","1267085729680760834","1267085422041206784",45,0,"1267085422041206784","apnews.com"
"307","1266794144443166720","1266791745821474816",292,1,"1266791745821474816","apnews.com"
"308","1266798170882764800","1266791745821474816",110,0,"1266791745821474816","apnews.com"
"309","1266795171599056897","1266791745821474816",280,-1,"1266791745821474816","apnews.com"
"310","1266792463554867200","1266791745821474816",78,3,"1266791745821474816","apnews.com"
"311","1266325885403226113","1266323984360013824",221,0,"1266323984360013824","huffingtonpost.co.uk"
"312","1267085144034291716","1267082891793780737",244,-2,"1267082891793780737","washingtonpost.com"
"313","1267073037247164424","1267072384470781953",280,-1,"1267072384470781953","nyti.ms"
"314","1266357974836154368","1266355957921128448",282,-2,"1266355957921128448","dallasnews.com"
"315","1267092189282275331","1267041862042505218",23,-3,"1267041862042505218","jpost.com"
"316","1267049515254759424","1267041862042505218",188,-10,"1267041862042505218","jpost.com"
"317","1267014754423443456","1267013382894485504",224,0,"1267013382894485504","cbc.ca"
"318","1267013382894485504","1267009272858247168",279,0,"1267009272858247168","npr.org"
"319","1267019073151475712","1267014754423443456",277,0,"1267014754423443456","globalnews.ca"
"320","1267017437960167425","1267014754423443456",70,0,"1267014754423443456","globalnews.ca"
"321","1267012092646875137","1267012091401175042",202,1,"1267012091401175042","politico.com"
"322","1266409598220558336","1266404457090293762",269,2,"1266404457090293762","n.pr"
"323","1266580314689875973","1266578383648980992",91,0,"1266578383648980992","cbsnews.com"
"324","1266627977774862336","1266578383648980992",170,4,"1266578383648980992","cbsnews.com"
"325","1267154071242366980","1266991117050032128",125,2,"1266991117050032128","on.natgeo.com"
"326","1266543047468290048","1266519036608819200",102,0,"1266519036608819200","forbes.com"
"327","1266531781953687554","1266519036608819200",96,0,"1266519036608819200","forbes.com"
"328","1266224666777128960","1266217772389974016",58,0,"1266217772389974016","pubmed.ncbi.nlm.nih.gov"
"329","1267120984131137538","1266912954458402816",9,0,"1266912954458402816","foxnews.com"
"330","1266418624593563649","1266417015356563457",37,0,"1266417015356563457","washingtontimes.com"
"331","1266678913662681089","1266417015356563457",98,4,"1266417015356563457","washingtontimes.com"
"332","1266570840994394113","1266417015356563457",26,0,"1266417015356563457","washingtontimes.com"
"333","1266518047222882313","1266417015356563457",11,-2,"1266417015356563457","washingtontimes.com"
"334","1266493956235374597","1266417015356563457",46,0,"1266417015356563457","washingtontimes.com"
"335","1266471923602653185","1266417015356563457",121,0,"1266417015356563457","washingtontimes.com"
"336","1266469525895229441","1266417015356563457",37,1,"1266417015356563457","washingtontimes.com"
"337","1266442030059859968","1266417015356563457",90,-7,"1266417015356563457","washingtontimes.com"
"338","1266441646830505990","1266417015356563457",51,-4,"1266417015356563457","washingtontimes.com"
"339","1266438907404533760","1266417015356563457",77,0,"1266417015356563457","washingtontimes.com"
"340","1266434893795508226","1266417015356563457",9,0,"1266417015356563457","washingtontimes.com"
"341","1266434146806763522","1266417015356563457",38,1,"1266417015356563457","washingtontimes.com"
"342","1266432791723507712","1266417015356563457",33,0,"1266417015356563457","washingtontimes.com"
"343","1266431689166917637","1266417015356563457",25,-2,"1266417015356563457","washingtontimes.com"
"344","1266431665188069377","1266417015356563457",58,-2,"1266417015356563457","washingtontimes.com"
"345","1266430585251270656","1266417015356563457",58,0,"1266417015356563457","washingtontimes.com"
"346","1266430155280523264","1266417015356563457",48,0,"1266417015356563457","washingtontimes.com"
"347","1266429647501307906","1266417015356563457",25,0,"1266417015356563457","washingtontimes.com"
"348","1266429348875128834","1266417015356563457",43,0,"1266417015356563457","washingtontimes.com"
"349","1266418245877272578","1266417015356563457",49,0,"1266417015356563457","washingtontimes.com"
"350","1266811154870833154","1266810811600777218",13,0,"1266810811600777218","washingtontimes.com"
"351","1266839977318666242","1266834479047487498",113,-3,"1266834479047487498","washingtontimes.com"
"352","1266462839423844353","1266450953072513025",55,0,"1266450953072513025","washingtontimes.com"
"353","1266452512640569344","1266450953072513025",100,-2,"1266450953072513025","washingtontimes.com"
"354","1266739761840078848","1266738155690082304",67,1,"1266738155690082304","washingtontimes.com"
"355","1266745078040666112","1266738155690082304",43,0,"1266738155690082304","washingtontimes.com"
"356","1266924574987476993","1266895390118461445",84,0,"1266895390118461445","indianexpress.com"
"357","1266910847194071042","1266895390118461445",154,-5,"1266895390118461445","indianexpress.com"
"358","1266886786304872451","1266886401968177155",27,0,"1266886401968177155","miamiherald.com"
"359","1266904126002204672","1266886401968177155",10,0,"1266886401968177155","miamiherald.com"
"360","1266901590272688128","1266886401968177155",69,-4,"1266886401968177155","miamiherald.com"
"361","1266892500339310592","1266886401968177155",20,0,"1266886401968177155","miamiherald.com"
"362","1266572221914497024","1266544861748039681",222,0,"1266544861748039681","cbc.ca"
"363","1266509573713801224","1266496502362509314",88,0,"1266496502362509314","cbc.ca"
"364","1266511936008511488","1266496502362509314",172,-2,"1266496502362509314","cbc.ca"
"365","1266522301589098496","1266496502362509314",102,1,"1266496502362509314","cbc.ca"
"366","1266506867385270272","1266498521198460928",33,-2,"1266498521198460928","globalnews.ca"
"367","1266506465696776193","1266498521198460928",261,0,"1266498521198460928","globalnews.ca"
"368","1266754036361027584","1266733467192131584",198,-5,"1266733467192131584","torontosun.com"
"369","1266733687137112066","1266733467192131584",117,-4,"1266733467192131584","torontosun.com"
"370","1266423927041142787","1266420617747800065",161,0,"1266420617747800065","nationalpost.com"
"371","1266430760380219393","1266420617747800065",169,-2,"1266420617747800065","nationalpost.com"
"372","1266422573102964736","1266420617747800065",99,-2,"1266420617747800065","nationalpost.com"
"373","1266873737070157824","1266871264737742849",113,0,"1266871264737742849","torontosun.com"
"374","1267077312014692352","1266871264737742849",70,3,"1266871264737742849","torontosun.com"
"375","1266939668324638721","1266871264737742849",81,-1,"1266871264737742849","torontosun.com"
"376","1266892333917900800","1266871264737742849",135,-3,"1266871264737742849","torontosun.com"
"377","1266910493559738369","1266870762448850945",32,0,"1266870762448850945","health.usnews.com"
"378","1266956673568190470","1266863614088155136",178,1,"1266863614088155136","newsday.com"
"379","1266871279572996098","1266863614088155136",96,-2,"1266863614088155136","newsday.com"
"380","1266855091736322050","1266853979830583302",182,3,"1266853979830583302","theguardian.com"
"381","1266919147851730945","1266847280864407552",95,-2,"1266847280864407552","cbc.ca"
"382","1266887016706273280","1266847280864407552",33,-1,"1266847280864407552","cbc.ca"
"383","1266839692743499777","1266838795468574720",47,-8,"1266838795468574720","hilltimes.com"
"384","1266763764591886337","1266751654742970369",49,0,"1266751654742970369","wsj.com"
"385","1267306481935843333","1266833021178707970",280,-9,"1266833021178707970","thestar.com"
"386","1267296224601870336","1266833021178707970",20,0,"1266833021178707970","thestar.com"
"387","1266831869221507078","1266831500605079552",154,0,"1266831500605079552","variety.com"
"388","1266159349887414272","1266157799790252032",223,-4,"1266157799790252032","trib.al"
"389","1266914427514863619","1266823536783622146",284,-3,"1266823536783622146","slate.com"
"390","1266912606176116737","1266823536783622146",288,-1,"1266823536783622146","slate.com"
"391","1266850837524963329","1266823536783622146",190,1,"1266823536783622146","slate.com"
"392","1266849924597067778","1266823536783622146",240,-4,"1266823536783622146","slate.com"
"393","1266848353649856519","1266823536783622146",81,0,"1266823536783622146","slate.com"
"394","1266847627347443713","1266823536783622146",26,0,"1266823536783622146","slate.com"
"395","1266838273575530496","1266823536783622146",4,0,"1266823536783622146","slate.com"
"396","1266827215578247172","1266823536783622146",34,0,"1266823536783622146","slate.com"
"397","1266825014524829696","1266823536783622146",42,0,"1266823536783622146","slate.com"
"398","1266824898435039239","1266823536783622146",154,2,"1266823536783622146","slate.com"
"399","1267215637186658305","1266819904260300800",62,0,"1266819904260300800","theguardian.com"
"400","1266835080481128448","1266819904260300800",79,2,"1266819904260300800","theguardian.com"
"401","1266825849975627776","1266819904260300800",34,0,"1266819904260300800","theguardian.com"
"402","1266824741563904000","1266819904260300800",64,3,"1266819904260300800","theguardian.com"
"403","1266823523638497280","1266819904260300800",41,0,"1266819904260300800","theguardian.com"
"404","1266821362674364417","1266819904260300800",65,0,"1266819904260300800","theguardian.com"
"405","1266821267660791809","1266819904260300800",70,0,"1266819904260300800","theguardian.com"
"406","1266491493830836227","1266487453973655558",27,0,"1266487453973655558","cnn.com"
"407","1267127633155960834","1266815358670966784",277,-1,"1266815358670966784","tinyurl.com"
"408","1266830662046289920","1266815358670966784",74,0,"1266815358670966784","tinyurl.com"
"409","1266817004033409024","1266815358670966784",10,0,"1266815358670966784","tinyurl.com"
"410","1267215193760763905","1266812811923120128",25,2,"1266812811923120128","a.msn.com"
"411","1266759988212494338","1266747827792666625",77,1,"1266747827792666625","cbc.ca"
"412","1266353200359145475","1266178360562126848",233,0,"1266178360562126848","washingtonpost.com"
"413","1266503934731902977","1266178360562126848",168,-3,"1266178360562126848","washingtonpost.com"
"414","1266454835206991873","1266178360562126848",238,4,"1266178360562126848","washingtonpost.com"
"415","1266407937368485889","1266178360562126848",201,-8,"1266178360562126848","washingtonpost.com"
"416","1266220842645508097","1266178360562126848",67,-2,"1266178360562126848","washingtonpost.com"
"417","1266199820470939648","1266178360562126848",30,1,"1266178360562126848","washingtonpost.com"
"418","1266198780270931970","1266178360562126848",10,0,"1266178360562126848","washingtonpost.com"
"419","1266195190466805762","1266178360562126848",217,0,"1266178360562126848","washingtonpost.com"
"420","1266188758648606720","1266178360562126848",84,0,"1266178360562126848","washingtonpost.com"
"421","1266181264228433920","1266178360562126848",129,4,"1266178360562126848","washingtonpost.com"
"422","1266180264075636736","1266178360562126848",40,-3,"1266178360562126848","washingtonpost.com"
"423","1266179968184340480","1266178360562126848",27,0,"1266178360562126848","washingtonpost.com"
"424","1266179252275122176","1266178360562126848",90,-2,"1266178360562126848","washingtonpost.com"
"425","1266826251957751809","1266800414990626817",174,-1,"1266800414990626817","statnews.com"
"426","1266802512578789376","1266796281508200448",139,-4,"1266796281508200448","azcentral.com"
"427","1266800085016260609","1266796281508200448",57,3,"1266796281508200448","azcentral.com"
"428","1266798172002832384","1266794098025009156",284,4,"1266794098025009156","theatlantic.com"
"429","1266797071408852993","1266794098025009156",141,-4,"1266794098025009156","theatlantic.com"
"430","1266794553367035906","1266792098839310336",198,-8,"1266792098839310336","huffpost.com"
"431","1266791845457256449","1266791174909693953",178,-1,"1266791174909693953","thedailybeast.com"
"432","1266794385338925057","1266789301553188865",278,-5,"1266789301553188865","nationalgeographic.com"
"433","1266789301553188865","1266787026134859776",284,1,"1266787026134859776","cnn.com"
"434","1267072658631507971","1266787026134859776",110,-2,"1266787026134859776","cnn.com"
"435","1266813138193780739","1266784440006647810",172,0,"1266784440006647810","cnet.com"
"436","1266903814348648448","1266784440006647810",88,3,"1266784440006647810","cnet.com"
"437","1266903923945807874","1266784440006647810",32,0,"1266784440006647810","cnet.com"
"438","1266894923170635778","1266784440006647810",61,-3,"1266784440006647810","cnet.com"
"439","1266803234569687042","1266784440006647810",73,0,"1266784440006647810","cnet.com"
"440","1266780184524386304","1266780182968320005",275,-1,"1266780182968320005","latimes.com"
"441","1266826639603838976","1266776529561927681",83,1,"1266776529561927681","cbc.ca"
"442","1266773066492887043","1266773065238708231",279,1,"1266773065238708231","thestar.com"
"443","1266934418138173440","1266764723057459200",21,-1,"1266764723057459200","theatlantic.com"
"444","1267272609575636995","1266761287251275778",279,0,"1266761287251275778","bit.ly"
"445","1266757911402995713","1266756096431194114",110,0,"1266756096431194114","ca.finance.yahoo.com"
"446","1266769739835043842","1266752262556139520",287,1,"1266752262556139520","nytimes.com"
"447","1266762554019217408","1266752262556139520",46,0,"1266752262556139520","nytimes.com"
"448","1266779153547710464","1266752262556139520",182,2,"1266752262556139520","nytimes.com"
"449","1266766574003712000","1266752262556139520",206,-1,"1266752262556139520","nytimes.com"
"450","1266753042159935490","1266752262556139520",143,1,"1266752262556139520","nytimes.com"
"451","1266755964050591744","1266751514695077888",95,4,"1266751514695077888","macleans.ca"
"452","1266684873663746049","1266158837570158593",137,-2,"1266158837570158593","cbc.ca"
"453","1266365898325098496","1266158837570158593",270,1,"1266158837570158593","cbc.ca"
"454","1266198055373529088","1266158837570158593",13,-4,"1266158837570158593","cbc.ca"
"455","1266190675537793024","1266158837570158593",62,-1,"1266158837570158593","cbc.ca"
"456","1266189022180839424","1266158837570158593",182,2,"1266158837570158593","cbc.ca"
"457","1266181490238513153","1266158837570158593",80,1,"1266158837570158593","cbc.ca"
"458","1266168334116171776","1266158837570158593",29,-2,"1266158837570158593","cbc.ca"
"459","1266767859042209793","1266746187622817795",278,-1,"1266746187622817795","npr.org"
"460","1266746883155910656","1266745436259471363",77,0,"1266745436259471363","dav.la"
"461","1266746857025351681","1266739412248846337",121,-7,"1266739412248846337","bbc.com"
"462","1266745284039753728","1266739262579507200",215,-4,"1266739262579507200","montrealgazette.com"
"463","1266745121430736896","1266739262579507200",250,0,"1266739262579507200","montrealgazette.com"
"464","1266842533201575936","1266739262579507200",122,0,"1266739262579507200","montrealgazette.com"
"465","1266789704688717824","1266739262579507200",230,0,"1266739262579507200","montrealgazette.com"
"466","1266776496569491458","1266739262579507200",254,6,"1266739262579507200","montrealgazette.com"
"467","1266745935104802817","1266739262579507200",8,0,"1266739262579507200","montrealgazette.com"
"468","1266758802998771712","1266738635799269376",60,-4,"1266738635799269376","washingtonpost.com"
"469","1266738933515186178","1266738635799269376",97,-5,"1266738635799269376","washingtonpost.com"
"470","1266749054983245825","1266426608988172288",225,-6,"1266426608988172288","cbc.ca"
"471","1266615117765996545","1266426608988172288",241,-2,"1266426608988172288","cbc.ca"
"472","1266516050281213954","1266426608988172288",20,-3,"1266426608988172288","cbc.ca"
"473","1266494958166437888","1266426608988172288",104,0,"1266426608988172288","cbc.ca"
"474","1266433208591233024","1266426608988172288",71,0,"1266426608988172288","cbc.ca"
"475","1266429750693687296","1266426608988172288",42,-5,"1266426608988172288","cbc.ca"
"476","1266428362068758528","1266426608988172288",169,0,"1266426608988172288","cbc.ca"
"477","1266428106555789312","1266426608988172288",205,-7,"1266426608988172288","cbc.ca"
"478","1266743929074003969","1266738202569777152",22,0,"1266738202569777152","theglobeandmail.com"
"479","1266745029864968192","1266736932064821249",62,2,"1266736932064821249","nationalpost.com"
"480","1266737608610193408","1266734837362294787",144,-5,"1266734837362294787","theguardian.com"
"481","1266734048875106305","1266733279451009024",205,6,"1266733279451009024","goodfund.us"
"482","1266201611560316929","1266199338373353472",273,0,"1266199338373353472","tinyurl.com"
"483","1266201611560316929","1266199338373353472",273,0,"1266199338373353472","tinyurl.com"
"484","1266500956474224643","1266497156531306499",91,1,"1266497156531306499","dallasnews.com"
"485","1266738486385807362","1266730456160047110",74,-2,"1266730456160047110","dallasnews.com"
"486","1266713751568465920","1266692601345949702",113,0,"1266692601345949702","triblive.com"
"487","1266732617338105856","1266730293081358336",198,0,"1266730293081358336","buff.ly"
"488","1266496448079814657","1266484668087574531",197,0,"1266484668087574531","cnbc.com"
"489","1266549249585676293","1266445019537453058",109,0,"1266445019537453058","cbc.ca"
"490","1266722301107724288","1266718558735798273",279,0,"1266718558735798273","cbc.ca"
"491","1266718297749426176","1266715365150789633",141,-1,"1266715365150789633","cbc.ca"
"492","1266712859259441153","1266710786262675456",256,0,"1266710786262675456","thestar.com"
"493","1266707031697866752","1266706867557937152",255,-4,"1266706867557937152","ctvnews.ca"
"494","1266171704516067328","1266159344057548802",32,0,"1266159344057548802","thestar.com"
"495","1266167273242443777","1266159344057548802",182,-3,"1266159344057548802","thestar.com"
"496","1266477593810939904","1266330598160969728",70,0,"1266330598160969728","thestar.com"
"497","1266661205386682368","1266523336001179656",105,3,"1266523336001179656","thestar.com"
"498","1266554165142183937","1266523336001179656",258,-2,"1266523336001179656","thestar.com"
"499","1266538740882669574","1266523336001179656",44,-1,"1266523336001179656","thestar.com"
"500","1266525192496525314","1266523336001179656",32,0,"1266523336001179656","thestar.com"
"501","1266712174480809989","1266705465922199553",171,0,"1266705465922199553","thestar.com"
"502","1266707691411570688","1266705465922199553",260,-6,"1266705465922199553","thestar.com"
"503","1266425681417822213","1266423735051079684",81,0,"1266423735051079684","bit.ly"
"504","1266699653925548035","1266699652457476096",189,-4,"1266699652457476096","pubmed.ncbi.nlm.nih.gov"
"505","1266652462922051590","1266651143830200322",223,-1,"1266651143830200322","google.com"
"506","1266652625522561024","1266651143830200322",19,-1,"1266651143830200322","google.com"
"507","1266606388215767040","1266593517364633605",86,4,"1266593517364633605","buzzfeednews.com"
"508","1266726019106516994","1266581424494313472",265,1,"1266581424494313472","toronto.ctvnews.ca"
"509","1266871333108895750","1266567522129715200",23,0,"1266567522129715200","ow.ly"
"510","1266517241169940484","1266482954408267776",155,1,"1266482954408267776","yahoo.com"
"511","1266555353497468935","1266554901720637446",180,0,"1266554901720637446","thenextweb.com"
"512","1266586206990667776","1266540327424360449",277,-7,"1266540327424360449","pbs.org"
"513","1266541996426104834","1266540327424360449",57,3,"1266540327424360449","pbs.org"
"514","1266753788573966337","1266537385648513024",32,2,"1266537385648513024","CBC.ca"
"515","1266536882499878912","1266533618492616705",108,-9,"1266533618492616705","nytimes.com"
"516","1266664074739355649","1266533618492616705",224,-2,"1266533618492616705","nytimes.com"
"517","1266542052004642817","1266533618492616705",120,2,"1266533618492616705","nytimes.com"
"518","1266231993404194816","1266173832408244225",56,6,"1266173832408244225","usatoday.com"
"519","1266193889683259399","1266173832408244225",20,0,"1266173832408244225","usatoday.com"
"520","1266179008770826242","1266173832408244225",22,3,"1266173832408244225","usatoday.com"
"521","1266175876464599040","1266173832408244225",116,4,"1266173832408244225","usatoday.com"
"522","1266175549627498496","1266173832408244225",7,4,"1266173832408244225","usatoday.com"
"523","1266175413706993665","1266173832408244225",49,2,"1266173832408244225","usatoday.com"
"524","1266175112899772416","1266173832408244225",79,2,"1266173832408244225","usatoday.com"
"525","1266427622793383938","1266427621694373888",264,0,"1266427621694373888","washingtonpost.com"
"526","1267218002803658753","1266158247079280640",103,-2,"1266158247079280640","washingtonpost.com"
"527","1266404496894279680","1266158247079280640",64,-2,"1266158247079280640","washingtonpost.com"
"528","1266183250944417794","1266158247079280640",41,0,"1266158247079280640","washingtonpost.com"
"529","1266179208419704834","1266158247079280640",20,0,"1266158247079280640","washingtonpost.com"
"530","1266162370709196800","1266158247079280640",80,-2,"1266158247079280640","washingtonpost.com"
"531","1266337741672837121","1266158247079280640",23,0,"1266158247079280640","washingtonpost.com"
"532","1266495300463722505","1266158247079280640",74,0,"1266158247079280640","washingtonpost.com"
"533","1266162526166724608","1266158247079280640",148,-7,"1266158247079280640","washingtonpost.com"
"534","1266472132504059910","1266158247079280640",60,0,"1266158247079280640","washingtonpost.com"
"535","1266159776230019073","1266158247079280640",106,-2,"1266158247079280640","washingtonpost.com"
"536","1266451306144690176","1266158247079280640",69,-4,"1266158247079280640","washingtonpost.com"
"537","1266424975109439488","1266158247079280640",51,0,"1266158247079280640","washingtonpost.com"
"538","1266408414097420291","1266158247079280640",30,0,"1266158247079280640","washingtonpost.com"
"539","1266390039115808771","1266158247079280640",59,-2,"1266158247079280640","washingtonpost.com"
"540","1266378427793174529","1266158247079280640",49,0,"1266158247079280640","washingtonpost.com"
"541","1266371340832878593","1266158247079280640",34,0,"1266158247079280640","washingtonpost.com"
"542","1266353059476758529","1266158247079280640",137,-3,"1266158247079280640","washingtonpost.com"
"543","1266350094418423810","1266158247079280640",188,0,"1266158247079280640","washingtonpost.com"
"544","1266348505448226816","1266158247079280640",16,2,"1266158247079280640","washingtonpost.com"
"545","1266340863657086977","1266158247079280640",113,-4,"1266158247079280640","washingtonpost.com"
"546","1266339175298719749","1266158247079280640",277,-6,"1266158247079280640","washingtonpost.com"
"547","1266338701824659456","1266158247079280640",57,-10,"1266158247079280640","washingtonpost.com"
"548","1266337479503814656","1266158247079280640",36,-3,"1266158247079280640","washingtonpost.com"
"549","1266314284922892288","1266158247079280640",94,-1,"1266158247079280640","washingtonpost.com"
"550","1266287210984136706","1266158247079280640",16,0,"1266158247079280640","washingtonpost.com"
"551","1266276845814603781","1266158247079280640",132,-4,"1266158247079280640","washingtonpost.com"
"552","1266252923442364416","1266158247079280640",13,0,"1266158247079280640","washingtonpost.com"
"553","1266246625053143050","1266158247079280640",134,4,"1266158247079280640","washingtonpost.com"
"554","1266236596212207616","1266158247079280640",198,0,"1266158247079280640","washingtonpost.com"
"555","1266236532341395456","1266158247079280640",17,0,"1266158247079280640","washingtonpost.com"
"556","1266230349526335488","1266158247079280640",22,-2,"1266158247079280640","washingtonpost.com"
"557","1266214922561548289","1266158247079280640",76,0,"1266158247079280640","washingtonpost.com"
"558","1266214055234207745","1266158247079280640",72,-3,"1266158247079280640","washingtonpost.com"
"559","1266212820712071169","1266158247079280640",73,-1,"1266158247079280640","washingtonpost.com"
"560","1266210548519260162","1266158247079280640",253,-11,"1266158247079280640","washingtonpost.com"
"561","1266210212769341441","1266158247079280640",19,0,"1266158247079280640","washingtonpost.com"
"562","1266208275420393473","1266158247079280640",20,0,"1266158247079280640","washingtonpost.com"
"563","1266207522484092929","1266158247079280640",35,-2,"1266158247079280640","washingtonpost.com"
"564","1266206786215870464","1266158247079280640",138,1,"1266158247079280640","washingtonpost.com"
"565","1266205491077820417","1266158247079280640",15,0,"1266158247079280640","washingtonpost.com"
"566","1266202036300845057","1266158247079280640",26,-3,"1266158247079280640","washingtonpost.com"
"567","1266201822152122368","1266158247079280640",33,0,"1266158247079280640","washingtonpost.com"
"568","1266201491569852418","1266158247079280640",89,-4,"1266158247079280640","washingtonpost.com"
"569","1266200915054190594","1266158247079280640",202,-5,"1266158247079280640","washingtonpost.com"
"570","1266199166004297729","1266158247079280640",105,2,"1266158247079280640","washingtonpost.com"
"571","1266196989877932032","1266158247079280640",54,0,"1266158247079280640","washingtonpost.com"
"572","1266194537761984512","1266158247079280640",257,-15,"1266158247079280640","washingtonpost.com"
"573","1266194224204021760","1266158247079280640",75,3,"1266158247079280640","washingtonpost.com"
"574","1266188858430877697","1266158247079280640",141,0,"1266158247079280640","washingtonpost.com"
"575","1266184823078449153","1266158247079280640",7,0,"1266158247079280640","washingtonpost.com"
"576","1266184490411413505","1266158247079280640",67,-3,"1266158247079280640","washingtonpost.com"
"577","1266183991721263104","1266158247079280640",82,2,"1266158247079280640","washingtonpost.com"
"578","1266183542276419585","1266158247079280640",151,-5,"1266158247079280640","washingtonpost.com"
"579","1266183345379164166","1266158247079280640",22,0,"1266158247079280640","washingtonpost.com"
"580","1266182254180605952","1266158247079280640",33,0,"1266158247079280640","washingtonpost.com"
"581","1266181700763205634","1266158247079280640",52,-2,"1266158247079280640","washingtonpost.com"
"582","1266176757041938433","1266158247079280640",50,0,"1266158247079280640","washingtonpost.com"
"583","1266176527932092418","1266158247079280640",28,0,"1266158247079280640","washingtonpost.com"
"584","1266175765286023169","1266158247079280640",61,0,"1266158247079280640","washingtonpost.com"
"585","1266175069237268482","1266158247079280640",111,0,"1266158247079280640","washingtonpost.com"
"586","1266173772362547201","1266158247079280640",27,0,"1266158247079280640","washingtonpost.com"
"587","1266173586248806401","1266158247079280640",119,-7,"1266158247079280640","washingtonpost.com"
"588","1266172797463781377","1266158247079280640",71,-2,"1266158247079280640","washingtonpost.com"
"589","1266169861794697216","1266158247079280640",41,0,"1266158247079280640","washingtonpost.com"
"590","1266169235912327169","1266158247079280640",64,-2,"1266158247079280640","washingtonpost.com"
"591","1266164237681987590","1266158247079280640",174,0,"1266158247079280640","washingtonpost.com"
"592","1266161823876866049","1266158247079280640",56,0,"1266158247079280640","washingtonpost.com"
"593","1266165656115974145","1266158247079280640",19,0,"1266158247079280640","washingtonpost.com"
"594","1266165015406665729","1266158247079280640",116,-2,"1266158247079280640","washingtonpost.com"
"595","1266162462010871808","1266158247079280640",48,0,"1266158247079280640","washingtonpost.com"
"596","1266161813466632192","1266158247079280640",32,-2,"1266158247079280640","washingtonpost.com"
"597","1266161159952052224","1266158247079280640",276,-4,"1266158247079280640","washingtonpost.com"
"598","1266161119896330240","1266158247079280640",276,-5,"1266158247079280640","washingtonpost.com"
"599","1266159714401947651","1266158247079280640",52,-2,"1266158247079280640","washingtonpost.com"
"600","1266159446595563520","1266158247079280640",49,-2,"1266158247079280640","washingtonpost.com"
"601","1266159021444067328","1266158247079280640",15,0,"1266158247079280640","washingtonpost.com"
"602","1266158857161633792","1266158247079280640",90,0,"1266158247079280640","washingtonpost.com"
"603","1266158641985585152","1266158247079280640",31,0,"1266158247079280640","washingtonpost.com"
"604","1266158567041761286","1266158247079280640",41,-2,"1266158247079280640","washingtonpost.com"
"605","1266774645358936065","1266529313530220545",226,-4,"1266529313530220545","theglobeandmail.com"
"606","1266765851006558208","1266529313530220545",79,0,"1266529313530220545","theglobeandmail.com"
"607","1266752211482300418","1266529313530220545",273,2,"1266529313530220545","theglobeandmail.com"
"608","1266751257542299654","1266529313530220545",154,-2,"1266529313530220545","theglobeandmail.com"
"609","1266719648080228355","1266529313530220545",200,0,"1266529313530220545","theglobeandmail.com"
"610","1266712590413160450","1266529313530220545",33,5,"1266529313530220545","theglobeandmail.com"
"611","1266553887022071808","1266529313530220545",122,-2,"1266529313530220545","theglobeandmail.com"
"612","1266524658570006529","1266521928937996289",43,-1,"1266521928937996289","trib.al"
"613","1266514225545043968","1266512646549000195",95,2,"1266512646549000195","cbc.ca"
"614","1266396153777491968","1266393164606083072",273,6,"1266393164606083072","seattletimes.com"
"615","1266519606056886284","1266507487840264193",52,-1,"1266507487840264193","macleans.ca"
"616","1266497668026597382","1266497667120627715",176,-5,"1266497667120627715","tampabay.com"
"617","1266482887593005064","1266482826632978432",136,2,"1266482826632978432","refinery29.com"
"618","1266512200677699584","1266482558130425857",175,3,"1266482558130425857","washingtonpost.com"
"619","1266506940575813633","1266482558130425857",152,-3,"1266482558130425857","washingtonpost.com"
"620","1266482559539691520","1266482558130425857",277,-1,"1266482558130425857","washingtonpost.com"
"621","1266374778937462789","1266371947291570179",146,-7,"1266371947291570179","cbc.ca"
"622","1266484149243842561","1266479740589916163",227,4,"1266479740589916163","Globalnews.ca"
"623","1266661468717510657","1266479194072121356",32,-4,"1266479194072121356","news.sky.com"
"624","1266482067195527182","1266479194072121356",31,0,"1266479194072121356","news.sky.com"
"625","1266494917829890048","1266476207249465344",9,0,"1266476207249465344","globalnews.ca"
"626","1266490450963304451","1266476207249465344",191,-2,"1266476207249465344","globalnews.ca"
"627","1266479612974043136","1266476207249465344",144,-1,"1266476207249465344","globalnews.ca"
"628","1266418690599399426","1266355760910536709",278,-11,"1266355760910536709","globalnews.ca"
"629","1266404848959979520","1266355760910536709",77,-5,"1266355760910536709","globalnews.ca"
"630","1266396698265432064","1266355760910536709",23,-2,"1266355760910536709","globalnews.ca"
"631","1266387078339846146","1266355760910536709",72,1,"1266355760910536709","globalnews.ca"
"632","1266385720924680192","1266355760910536709",280,-8,"1266355760910536709","globalnews.ca"
"633","1266358232525783048","1266355760910536709",280,-2,"1266355760910536709","globalnews.ca"
"634","1266366072145543168","1266355760910536709",162,-2,"1266355760910536709","globalnews.ca"
"635","1266362945040199681","1266355760910536709",229,-5,"1266355760910536709","globalnews.ca"
"636","1266357417618616320","1266355760910536709",109,-2,"1266355760910536709","globalnews.ca"
"637","1266475397476085760","1266475176792698885",180,5,"1266475176792698885","nytimes.com"
"638","1266474998157451264","1266474996882386946",105,0,"1266474996882386946","cp24.to"
"639","1266488347570196483","1266474694682775552",242,-11,"1266474694682775552","reut.rs"
"640","1266473760074366977","1266473322088476674",283,1,"1266473322088476674","miamiherald.com"
"641","1266470791824248833","1266469977835606017",227,2,"1266469977835606017","washingtonpost.com"
"642","1266473423317995528","1266469977835606017",131,3,"1266469977835606017","washingtonpost.com"
"643","1266469213008429063","1266468251694960640",59,0,"1266468251694960640","cbc.ca"
"644","1266483271359016960","1266468251694960640",51,0,"1266468251694960640","cbc.ca"
"645","1266482286540623873","1266468251694960640",106,0,"1266468251694960640","cbc.ca"
"646","1266472597060911104","1266468251694960640",46,2,"1266468251694960640","cbc.ca"
"647","1266592818140594178","1266464951943733248",66,-4,"1266464951943733248","cbc.ca"
"648","1267256587653124102","1266464936730992640",277,-6,"1266464936730992640","spr.ly"
"649","1266540050738798592","1266358469239635969",251,0,"1266358469239635969","cbc.ca"
"650","1266539235542208514","1266358469239635969",195,3,"1266358469239635969","cbc.ca"
"651","1266359193096912896","1266358469239635969",125,0,"1266358469239635969","cbc.ca"
"652","1266357759009869824","1266357381270773762",162,1,"1266357381270773762","cbc.ca"
"653","1266397533301026818","1266359853951397889",25,0,"1266359853951397889","cbc.ca"
"654","1266358469239635969","1266357759009869824",217,-4,"1266357759009869824","cbc.ca"
"655","1266405973565947904","1266387637079871488",23,-2,"1266387637079871488","act.gp"
"656","1266479655932121088","1266454303562240002",170,-2,"1266454303562240002","act.gp"
"657","1266453393725366272","1266451427909664768",125,0,"1266451427909664768","bit.ly"
"658","1266453660646682624","1266416594068144129",175,0,"1266416594068144129","bit.ly"
"659","1266433360567681026","1266416594068144129",53,0,"1266416594068144129","bit.ly"
"660","1266429651842486275","1266416594068144129",29,0,"1266416594068144129","bit.ly"
"661","1266418093372424195","1266416594068144129",54,0,"1266416594068144129","bit.ly"
"662","1266415754922078210","1266411983148064769",264,-4,"1266411983148064769","bit.ly"
"663","1266471500703510532","1266441731102441472",69,0,"1266441731102441472","bit.ly"
"664","1266471605074526209","1266441731102441472",37,0,"1266441731102441472","bit.ly"
"665","1266560466924580864","1266441731102441472",170,0,"1266441731102441472","bit.ly"
"666","1266480169675612167","1266441731102441472",173,0,"1266441731102441472","bit.ly"
"667","1266450605989650435","1266441731102441472",114,2,"1266441731102441472","bit.ly"
"668","1266449496856289285","1266441731102441472",135,-1,"1266441731102441472","bit.ly"
"669","1266949385285283840","1266450864992067587",213,-4,"1266450864992067587","politico.com"
"670","1266823116321443841","1266450864992067587",273,-5,"1266450864992067587","politico.com"
"671","1266803597611761664","1266450864992067587",180,-6,"1266450864992067587","politico.com"
"672","1266788456543354880","1266450864992067587",139,-8,"1266450864992067587","politico.com"
"673","1266769162766032907","1266450864992067587",278,-3,"1266450864992067587","politico.com"
"674","1266738380588617728","1266450864992067587",12,-4,"1266450864992067587","politico.com"
"675","1266716621437054977","1266450864992067587",86,0,"1266450864992067587","politico.com"
"676","1266622429289500672","1266450864992067587",106,-3,"1266450864992067587","politico.com"
"677","1266613519597912064","1266450864992067587",44,-1,"1266450864992067587","politico.com"
"678","1266453176783450123","1266450504797822979",232,0,"1266450504797822979","cnbc.com"
"679","1266458978440998912","1266450504797822979",251,-8,"1266450504797822979","cnbc.com"
"680","1266452556680761344","1266450504797822979",97,0,"1266450504797822979","cnbc.com"
"681","1266451387421986816","1266450504797822979",135,1,"1266450504797822979","cnbc.com"
"682","1267223799541272577","1266449698648358919",90,-5,"1266449698648358919","nytimes.com"
"683","1266510891022942227","1266449698648358919",19,0,"1266449698648358919","nytimes.com"
"684","1266471788734820353","1266444962880684032",220,-4,"1266444962880684032","nypost.com"
"685","1267125387034673152","1266439124363259904",205,0,"1266439124363259904","nature.com"
"686","1266435959215788038","1266435188315295745",147,-5,"1266435188315295745","politico.com"
"687","1266438992821489664","1266434169028018177",93,0,"1266434169028018177","nypost.com"
"688","1266464921182707713","1266433728093585408",15,0,"1266433728093585408","miamiherald.com"
"689","1266443841382555653","1266433728093585408",267,-4,"1266433728093585408","miamiherald.com"
"690","1266437781116649472","1266433728093585408",137,-1,"1266433728093585408","miamiherald.com"
"691","1266423607628107787","1266409752516530182",245,1,"1266409752516530182","cbc.ca"
"692","1266435172842590211","1266409752516530182",132,0,"1266409752516530182","cbc.ca"
"693","1266420484507422720","1266409752516530182",87,1,"1266409752516530182","cbc.ca"
"694","1266413106508574720","1266409752516530182",47,0,"1266409752516530182","cbc.ca"
"695","1266413105870966784","1266409752516530182",190,0,"1266409752516530182","cbc.ca"
"696","1266411813970808833","1266409752516530182",122,3,"1266409752516530182","cbc.ca"
"697","1266410270223720450","1266409752516530182",75,0,"1266409752516530182","cbc.ca"
"698","1266348574603988993","1266343751129194496",208,3,"1266343751129194496","cbc.ca"
"699","1266346065390972929","1266343751129194496",268,-4,"1266343751129194496","cbc.ca"
"700","1266351816977121280","1266343751129194496",199,1,"1266343751129194496","cbc.ca"
"701","1266351745195704320","1266343751129194496",62,4,"1266343751129194496","cbc.ca"
"702","1266351011871981569","1266343751129194496",248,0,"1266343751129194496","cbc.ca"
"703","1266760564648394752","1266185753597444096",88,0,"1266185753597444096","cbc.ca"
"704","1266479554111168512","1266185753597444096",100,0,"1266185753597444096","cbc.ca"
"705","1266389162435006465","1266185753597444096",63,0,"1266185753597444096","cbc.ca"
"706","1266388902866227200","1266185753597444096",158,0,"1266185753597444096","cbc.ca"
"707","1266361151664918529","1266185753597444096",57,0,"1266185753597444096","cbc.ca"
"708","1266356831548583936","1266185753597444096",186,-3,"1266185753597444096","cbc.ca"
"709","1266329412578029569","1266185753597444096",22,0,"1266185753597444096","cbc.ca"
"710","1266325904986423297","1266185753597444096",64,0,"1266185753597444096","cbc.ca"
"711","1266325607866142721","1266185753597444096",77,-2,"1266185753597444096","cbc.ca"
"712","1266320260241776643","1266185753597444096",41,0,"1266185753597444096","cbc.ca"
"713","1266214977943343105","1266185753597444096",40,0,"1266185753597444096","cbc.ca"
"714","1266212009932197894","1266185753597444096",154,3,"1266185753597444096","cbc.ca"
"715","1266208740862279680","1266185753597444096",90,0,"1266185753597444096","cbc.ca"
"716","1266208136697970689","1266185753597444096",216,4,"1266185753597444096","cbc.ca"
"717","1266203422069489666","1266185753597444096",69,0,"1266185753597444096","cbc.ca"
"718","1266200437851652099","1266185753597444096",176,2,"1266185753597444096","cbc.ca"
"719","1266188885752778758","1266185753597444096",42,-3,"1266185753597444096","cbc.ca"
"720","1266188726440509453","1266185753597444096",245,-1,"1266185753597444096","cbc.ca"
"721","1266188034560667648","1266185753597444096",224,0,"1266185753597444096","cbc.ca"
"722","1266186269094273024","1266185753597444096",30,-2,"1266185753597444096","cbc.ca"
"723","1266429656141529089","1266427219171315713",177,0,"1266427219171315713","cbc.ca"
"724","1266431843873763328","1266427219171315713",196,0,"1266427219171315713","cbc.ca"
"725","1266428047596625927","1266427219171315713",185,0,"1266427219171315713","cbc.ca"
"726","1266427219171315713","1266425455139270656",235,1,"1266425455139270656","cbc.ca"
"727","1266716127029334017","1266425455139270656",170,-2,"1266425455139270656","cbc.ca"
"728","1266502866916847617","1266425455139270656",247,1,"1266425455139270656","cbc.ca"
"729","1266491988871962625","1266425455139270656",87,1,"1266425455139270656","cbc.ca"
"730","1266471464540274689","1266425455139270656",107,-4,"1266425455139270656","cbc.ca"
"731","1266471729427288067","1266425455139270656",72,0,"1266425455139270656","cbc.ca"
"732","1266469780124549122","1266425455139270656",139,0,"1266425455139270656","cbc.ca"
"733","1266465376998690819","1266425455139270656",169,2,"1266425455139270656","cbc.ca"
"734","1266439152779870209","1266425455139270656",52,0,"1266425455139270656","cbc.ca"
"735","1266426185568878592","1266425455139270656",90,3,"1266425455139270656","cbc.ca"
"736","1266434617734828033","1266429656141529089",240,2,"1266429656141529089","cbc.ca"
"737","1266439999219814401","1266423884489908224",123,2,"1266423884489908224","gizmodo.com"
"738","1266426534082097153","1266423884489908224",98,-2,"1266423884489908224","gizmodo.com"
"739","1266476475676372994","1266423373296525315",155,-1,"1266423373296525315","bit.ly"
"740","1266416644588539905","1266414833903296513",151,-2,"1266414833903296513","wapo.st"
"741","1266416888692670464","1266414730429825024",60,0,"1266414730429825024","timesofindia.indiatimes.com"
"742","1266429545713975299","1266414594265841666",241,-5,"1266414594265841666","npr.org"
"743","1266413716322435072","1266413714699202561",286,3,"1266413714699202561","washingtonpost.com"
"744","1266412891634196482","1266412355862265856",59,-3,"1266412355862265856","nytimes.com"
"745","1266406826276511745","1266406579131371521",19,0,"1266406579131371521","news.sky.com"
"746","1266413902100787201","1266404536773677059",129,0,"1266404536773677059","wsj.com"
"747","1266404440015241217","1266404438870294535",223,-1,"1266404438870294535","theguardian.com"
"748","1266402364380061697","1266402071722496003",103,-1,"1266402071722496003","abcnews.go.com"
"749","1266407693557936128","1266401232366850049",50,3,"1266401232366850049","washingtonpost.com"
"750","1266411957675933702","1266398646540648450",283,3,"1266398646540648450","bit.ly"
"751","1266414250651607041","1266397890257096704",27,1,"1266397890257096704","edmonton.ctvnews.ca"
"752","1266398932608802816","1266397890257096704",19,-1,"1266397890257096704","edmonton.ctvnews.ca"
"753","1266509947635990529","1266397619888230401",248,0,"1266397619888230401","cbsloc.al"
"754","1267296535504658432","1266389149042577408",11,0,"1266389149042577408","cnn.com"
"755","1266556625172774912","1266389149042577408",53,-5,"1266389149042577408","cnn.com"
"756","1266478230938226688","1266389149042577408",70,-3,"1266389149042577408","cnn.com"
"757","1266391843060830208","1266389149042577408",25,-2,"1266389149042577408","cnn.com"
"758","1266389647657070593","1266388491128188928",108,-5,"1266388491128188928","cnn.com"
"759","1266389462709415937","1266388491128188928",113,-1,"1266388491128188928","cnn.com"
"760","1266532135852097536","1266396985130655746",37,0,"1266396985130655746","cnn.com"
"761","1266432657086447617","1266396985130655746",70,-2,"1266396985130655746","cnn.com"
"762","1267085388641951751","1266396148035497986",280,-5,"1266396148035497986","wsj.com"
"763","1266394774149435395","1266394773130285058",230,0,"1266394773130285058","foxnews.com"
"764","1266394774149435395","1266394773130285058",230,0,"1266394773130285058","foxnews.com"
"765","1266394777311948800","1266394776229814272",233,-4,"1266394776229814272","nzherald.co.nz"
"766","1266434286598709250","1266390593430622208",97,2,"1266390593430622208","news.sky.com"
"767","1266393729105043458","1266390593430622208",94,0,"1266390593430622208","news.sky.com"
"768","1266393019491610625","1266390593430622208",28,0,"1266390593430622208","news.sky.com"
"769","1266387801966211073","1266387136929861632",258,-1,"1266387136929861632","apnews.com"
"770","1266388407149686788","1266387136929861632",181,0,"1266387136929861632","apnews.com"
"771","1266403460657770496","1266383602691919873",93,0,"1266383602691919873","player.630ched.com"
"772","1266403005038866432","1266383602691919873",269,0,"1266383602691919873","player.630ched.com"
"773","1266164632877662213","1266159680470032386",234,-4,"1266159680470032386","nbcnews.com"
"774","1266353393595035649","1266348461902958592",94,-2,"1266348461902958592","cnn.com"
"775","1266729214373515266","1266379077272961024",99,-4,"1266379077272961024","politico.com"
"776","1266384241438396416","1266379077272961024",40,0,"1266379077272961024","politico.com"
"777","1266530765132705792","1266379077272961024",31,0,"1266379077272961024","politico.com"
"778","1266528286097772544","1266379077272961024",300,2,"1266379077272961024","politico.com"
"779","1266527595136536576","1266379077272961024",79,0,"1266379077272961024","politico.com"
"780","1266381067348357120","1266379077272961024",29,-2,"1266379077272961024","politico.com"
"781","1266380366769614850","1266377795128578053",232,-3,"1266377795128578053","theatlantic.com"
"782","1266376914337320960","1266376911187374081",210,3,"1266376911187374081","thestar.com"
"783","1266374777138077697","1266373897747705861",205,-3,"1266373897747705861","cbc.ca"
"784","1266373483967049728","1266372140481122305",228,-2,"1266372140481122305","cnn.com"
"785","1266387501524058113","1266370394761510912",118,0,"1266370394761510912","nationalpost.com"
"786","1266382120638918658","1266370394761510912",121,2,"1266370394761510912","nationalpost.com"
"787","1266382839131627521","1266369207052058625",274,0,"1266369207052058625","mission2020.global"
"788","1266368011763507200","1266368009158815752",162,-3,"1266368009158815752","newyorker.com"
"789","1266368011763507200","1266368009158815752",162,-3,"1266368009158815752","newyorker.com"
"790","1266367093378650122","1266367090715287553",236,-2,"1266367090715287553","ow.ly"
"791","1267104943653019648","1266362350669426692",246,-1,"1266362350669426692","go.usa.gov"
"792","1266360284702097420","1266357373368700929",85,0,"1266357373368700929","calgaryherald.com"
"793","1267131606759661568","1266173681446739969",77,-1,"1266173681446739969","calgaryherald.com"
"794","1266847680489127937","1266173681446739969",50,0,"1266173681446739969","calgaryherald.com"
"795","1266239006582304769","1266173681446739969",199,-4,"1266173681446739969","calgaryherald.com"
"796","1266238491223977984","1266173681446739969",269,-3,"1266173681446739969","calgaryherald.com"
"797","1266223362801467393","1266173681446739969",93,-2,"1266173681446739969","calgaryherald.com"
"798","1266219462379761665","1266173681446739969",98,0,"1266173681446739969","calgaryherald.com"
"799","1266216664439414791","1266173681446739969",251,0,"1266173681446739969","calgaryherald.com"
"800","1266214210083536896","1266173681446739969",220,-3,"1266173681446739969","calgaryherald.com"
"801","1266204788921778177","1266173681446739969",278,-5,"1266173681446739969","calgaryherald.com"
"802","1266187029143973888","1266173681446739969",144,-3,"1266173681446739969","calgaryherald.com"
"803","1266177551203876864","1266173681446739969",17,0,"1266173681446739969","calgaryherald.com"
"804","1266392845864374272","1266355204133392392",64,0,"1266355204133392392","bloomberg.com"
"805","1266372511580614661","1266355204133392392",40,-2,"1266355204133392392","bloomberg.com"
"806","1266361826624901120","1266355204133392392",274,2,"1266355204133392392","bloomberg.com"
"807","1266564826970628096","1266352783810351105",273,-2,"1266352783810351105","washingtonpost.com"
"808","1266356788087136260","1266352783810351105",110,-1,"1266352783810351105","washingtonpost.com"
"809","1266709204774993920","1266351243653513216",278,2,"1266351243653513216","bloomberg.com"
"810","1266443396610166785","1266351243653513216",64,-3,"1266351243653513216","bloomberg.com"
"811","1266389013130248192","1266348558808084480",280,-2,"1266348558808084480","nytimes.com"
"812","1266376711014236162","1266346560503283715",218,-2,"1266346560503283715","washingtonpost.com"
"813","1266914474998497285","1266344713839357952",75,2,"1266344713839357952","ow.ly"
"814","1266810393189421057","1266344713839357952",79,-2,"1266344713839357952","ow.ly"
"815","1266808090915155979","1266344713839357952",26,0,"1266344713839357952","ow.ly"
"816","1266706070485061633","1266344713839357952",48,4,"1266344713839357952","ow.ly"
"817","1266572751265058816","1266344713839357952",145,0,"1266344713839357952","ow.ly"
"818","1266469049736859651","1266344713839357952",32,4,"1266344713839357952","ow.ly"
"819","1266360713452441600","1266344713839357952",129,5,"1266344713839357952","ow.ly"
"820","1266356803517984768","1266344713839357952",22,2,"1266344713839357952","ow.ly"
"821","1266341091101433856","1266340686149885952",133,-3,"1266340686149885952","fxn.ws"
"822","1266356800783351808","1266338762038087686",83,0,"1266338762038087686","thedailybeast.com"
"823","1266339993448001542","1266338762038087686",286,-9,"1266338762038087686","thedailybeast.com"
"824","1266340777984233480","1266338762038087686",52,0,"1266338762038087686","thedailybeast.com"
"825","1266327502441648128","1266326401193517057",245,-2,"1266326401193517057","washingtonpost.com"
"826","1266420312624644097","1266336144112988161",274,-2,"1266336144112988161","cbc.ca"
"827","1266449247852834816","1266335724934135808",231,0,"1266335724934135808","washingtonpost.com"
"828","1266343025598509059","1266335724934135808",22,0,"1266335724934135808","washingtonpost.com"
"829","1266326719654514689","1266326718664630274",149,-1,"1266326718664630274","bit.ly"
"830","1266304719691145216","1266304718554443776",279,-3,"1266304718554443776","nytimes.com"
"831","1266253171086639110","1266250009378295808",34,-4,"1266250009378295808","makeitplain.com"
"832","1266189842213289985","1266187492673220608",243,1,"1266187492673220608","news.com.au"
"833","1266191544471580672","1266187492673220608",145,0,"1266187492673220608","news.com.au"
"834","1266206078494261249","1266203766400958464",50,-3,"1266203766400958464","cnn.com"
"835","1266223173730787328","1266203766400958464",280,-5,"1266203766400958464","cnn.com"
"836","1266202505647710208","1266200822737776640",14,0,"1266200822737776640","nbcnews.com"
"837","1266201494472347648","1266200822737776640",80,0,"1266200822737776640","nbcnews.com"
"838","1266201060961669126","1266200822737776640",19,-2,"1266200822737776640","nbcnews.com"
"839","1266201333339734016","1266200046300790786",34,0,"1266200046300790786","newsinteractives.cbc.ca"
"840","1266347068056100865","1266200046300790786",23,3,"1266200046300790786","newsinteractives.cbc.ca"
"841","1266204288860270599","1266200046300790786",145,-2,"1266200046300790786","newsinteractives.cbc.ca"
"842","1266203389983064065","1266200046300790786",150,0,"1266200046300790786","newsinteractives.cbc.ca"
"843","1266179365789827072","1266177187519983616",30,0,"1266177187519983616","buzzfeednews.com"
"844","1266170213701242881","1266169213124829184",112,-3,"1266169213124829184","businessinsider.com"
"845","1266167959589982208","1266167746926166017",74,0,"1266167746926166017","newsweek.com"
"846","1266169943206346753","1266167092467978240",240,-4,"1266167092467978240","nypost.com"
"847","1266181448194760704","1266165515095027719",42,-1,"1266165515095027719","ft.com"
"848","1266287472394121221","1266164929364713473",226,0,"1266164929364713473","ow.ly"
"849","1266564964711456773","1266164929364713473",43,0,"1266164929364713473","ow.ly"
"850","1266180944374804480","1266164929364713473",74,0,"1266164929364713473","ow.ly"
"851","1266164232032116738","1266164229951766529",132,0,"1266164229951766529","ctvnews.ca"
"852","1266146813632970753","1266146595130740736",218,-5,"1266146595130740736","theatlantic.com"
"853","1266146592291270664","1266144972299997188",270,3,"1266144972299997188","theatlantic.com"
"854","1266156240008249344","1266154514043875332",278,0,"1266154514043875332","washingtonpost.com"
"855","1266154514043875332","1266153695986753538",151,0,"1266153695986753538","theatlantic.com"
"856","1266175494162190345","1266152205901598726",50,1,"1266152205901598726","rollingstone.com"
"857","1266192881863340033","1266151261855838208",169,6,"1266151261855838208","latimes.com"
"858","1266358647589941248","1266151261855838208",179,1,"1266151261855838208","latimes.com"
"859","1266173812279840770","1266151261855838208",278,3,"1266151261855838208","latimes.com"
"860","1266154130407591936","1266151261855838208",26,0,"1266151261855838208","latimes.com"
"861","1266158823687041027","1266151195258884097",90,0,"1266151195258884097","tgam.ca"
"862","1266151641012551686","1266150213078724609",125,0,"1266150213078724609","npr.org"
"863","1266148065372585985","1266147111902437381",128,0,"1266147111902437381","forbes.com"
"864","1266357785001943041","1266145059231150082",191,-3,"1266145059231150082","thestar.com"
"865","1266148913242873860","1266145059231150082",35,0,"1266145059231150082","thestar.com"
"866","1266145492758605824","1266145059231150082",257,0,"1266145059231150082","thestar.com"
"867","1266163736131383302","1266144078854533120",19,0,"1266144078854533120","cbc.ca"
"868","1266156336720601088","1266139970168905729",282,-4,"1266139970168905729","bit.ly"
"869","1266423611944026114","1266139970168905729",121,-3,"1266139970168905729","bit.ly"
"870","1266217037950529537","1266139970168905729",66,0,"1266139970168905729","bit.ly"
"871","1266211509169868801","1266139970168905729",10,0,"1266139970168905729","bit.ly"
"872","1266179886516973570","1266139970168905729",51,2,"1266139970168905729","bit.ly"
"873","1266174388543479809","1266139970168905729",53,-2,"1266139970168905729","bit.ly"
"874","1266171197823254528","1266139970168905729",58,0,"1266139970168905729","bit.ly"
"875","1266162997359075328","1266139970168905729",8,0,"1266139970168905729","bit.ly"
"876","1266159677445943299","1266139970168905729",7,1,"1266139970168905729","bit.ly"
"877","1266154424705089537","1266139970168905729",60,-2,"1266139970168905729","bit.ly"
"878","1266154239673286656","1266139970168905729",109,-5,"1266139970168905729","bit.ly"
